{
	"com.badlogic.gdx.graphics.Color":{
		"white":{
			"r":1,
			"g":1,
			"b":1,
			"a":1
		},
		"black":{
			"r":0,
			"g":0,
			"b":0,
			"a":1
		},
		"royalBlue":{
			"r":0,
			"g":0.2,
			"b":0.31,
			"a":1
		},
		"greyBlue":{
			"r":0.73,
			"g":0.82,
			"b":0.88,
			"a":1
		},
		"skyblue":{
			"r":0.337,
			"g":0.7686,
			"b":0.8,
			"a":1
		},
		"lightBlue":{
			"r":0.0745,
			"g":0.855,
			"b":0.9725,
			"a":1
		},
		"darkGrey":{
			"r":0.47,
			"g":0.47,
			"b":0.47,
			"a":1
		},
		"lightGrey":{
			"r":0.72,
			"g":0.72,
			"b":0.72,
			"a":1
		},
		"green":{
			"r":0.105,
			"g":0.48,
			"b":0.0,
			"a":1
		},
		"lightGreen":{
			"r":0.1176,
			"g":0.8235,
			"b":0.129,
			"a":1
		},
		"red":{
			"r":1,
			"g":0.0,
			"b":0.0,
			"a":1
		},
		"darkPink":{
			"r":0.52,
			"g":0.35,
			"b":0.42,
			"a":1
		},
		"golden":{
			"r":1,
			"g":0.61,
			"b":0.0,
			"a":1
		},
		"orange":{
			"r":1,
			"g":0.6,
			"b":0.2,
			"a":1
		},
		"yellow":{
			"r":1,
			"g":1.0,
			"b":0.0196,
			"a":1
		},
		"stashGold":{
			"r":0.9176470588235294,
			"g":0.8,
			"b":0.6313725490196078,
			"a":1
		},
		"coinBlue":{
			"r":0.003921568627451,
			"g":0.5254901960784314,
			"b":0.996078431372549,
			"a":1
		},
		"dark_crimson":{
			"r":0.6392156862745098,
			"g":0.1176470588235294,
			"b":0.2235294117647059,
			"a":1
		},
		"irish_green":{
			"r":0,
			"g":0.603921568627451,
			"b":0.192156862745098,
			"a":1
		},
		"light_salmon":{
			"r":0.992156862745098,
			"g":0.4745098039215686,
			"b":0.3568627450980392,
			"a":1
		},
		"fuschia":{
			"r":0.6666666666666667,
			"g":0,
			"b":0.4705882352941176,
			"a":1
		},
		"turquoise":{
			"r":0.203921568627451,
			"g":0.6745098039215686,
			"b":0.6862745098039216,
			"a":1
		},
		"topLevelBlue":{
			"r":0.0313725490196078,
			"g":0.3647058823529412,
			"b":0.6784313725490196,
			"a":1
		},
		"labBlue":{
			"r":0.1294117647058824,
			"g":0.7450980392156863,
			"b":0.8705882352941176,
			"a":1
		},
		"actionRed":{
			"r":0.6392156862745098,
			"g":0.1176470588235294,
			"b":0.2235294117647059,
			"a":1
		},
		"newColumnBlue":{
			"r":0.5764705882352941,
			"g":0.8862745098039216,
			"b":0.8352941176470588,
			"a":1
		},
		"resourceGreen":{
			"r":0.7450980392156863,
			"g":0.8392156862745098,
			"b":0.3803921568627451,
			"a":1
		},
		"newColumnOrange":{
			"r":0.8,
			"g":0.2,
			"b":0,
			"a":1
		},
		
		"topLevel": "topLevelBlue",
		"resource": "resourceGreen",
		"useCoin" : "yellow",
		"buyCoin" : "irish_green",
		"newColumn" : "newColumnOrange",
		"purchase" : "orange",
		"action" : "actionRed",
		"project" : "turquoise",
		"laboratory" : "labBlue",
		"disabled" : "darkGrey"
	},
	"com.badlogic.gdx.graphics.g2d.BitmapFont":{
		"Basic":{
			"file":"Basic.fnt"
		},
		"Basic_small":{
			"file":"BasicSmall.fnt"
		},
		"Outline":{
			"file":"Outline.fnt"
		}
	},
	"com.badlogic.gdx.scenes.scene2d.ui.Button$ButtonStyle":{
		"default":{
			"up":"ButtonUp",
			"down":"ButtonDown",
			"over":"ButtonOver",
			"disabled":"ButtonDisabled"
		},
		"Delete":{
			"up":"DeleteUp",
			"down":"DeleteDown",
			"over":"DeleteOver",
			"disabled":"DeleteDisabled"
		},
		"AlertInfo":{
			"up":"AlertInfoUp",
			"down":"AlertInfoDown",
			"over":"AlertInfoOver"
		}
	},
	"com.bytesbrothers.shroomtycoon.elements.IconButton$IconButtonStyle":{
		"default":{
			"up":"ButtonUp",
			"down":"ButtonDown",
			"over":"ButtonOver",
			"disabled":"ButtonDisabled",
			"downFontColor":"darkGrey",
			"fontColor":"black",
			"font":"Basic",
			"disabledFontColor":"lightGrey"
		},
		"Clear":{
			"up":"ClearUp",
			"down":"ClearDown",
			"over":"ClearOver",
			"disabled":"ClearDisabled",
			"downFontColor":"black",
			"fontColor":"white",
			"font":"Outline",
			"disabledFontColor":"lightGrey"
		}
	},

	"com.bytesbrothers.shroomtycoon.elements.ToggleMark$ToggleMarkStyle":{
		"default":{
			"up":"SelectMarkUp",
			"down":"SelectMarkDown"
		},
		"Star":{
			"up":"StarUp",
			"down":"StarDown"
		}
	},
	"com.bytesbrothers.shroomtycoon.elements.FitButton$FitButtonStyle":{
		"default":{
			"up":"ButtonUp",
			"down":"ButtonDown",
			"over":"ButtonOver",
			"disabled":"ButtonDisabled",
			"font":"Basic",
			"downFontColor":"darkGrey",
			"fontColor":"black",
			"disabledFontColor":"lightGrey"
		},
		"SelectBox":{
			"font":"Basic",
			"fontColor":"black",
			"downFontColor":"royalBlue",
			"disabledFontColor":"darkGrey",
			"up":"SelectBoxUp",
			"down":"SelectBoxDown",
			"over":"SelectBoxOver",
			"disabled":"SelectBoxDisabled"
		}
	},
	"com.bytesbrothers.shroomtycoon.elements.ProgressBar$ProgressBarStyle":{
		"default":{
			"background":"ProgressBack",
			"bar":"ProgressBar",
			"font":"Outline",
			"fontColor":"white",
			"rightFont":"Basic",
			"rightFontColor":"royalBlue"
		},
		"orange":{
			"background":"ProgressBack2",
			"bar":"ProgressBarOrange",
			"font":"Basic",
			"fontColor":"black"
		}
	},
	"com.bytesbrothers.shroomtycoon.elements.FitCheckButton$FitCheckButtonStyle":{
		"default":{
			"font":"Basic",
			"downFontColor":"darkGrey",
			"disabledFontColor":"lightGrey",
			"fontColor":"black",
			"up":"ButtonUp",
			"down":"ButtonDown",
			"over":"ButtonOver",
			"checked":"ButtonUp",
			"disabled":"ButtonDisabled",
			"checkboxOff":"CheckBoxOff",
			"checkboxOffDisabled":"CheckBoxOffDisabled",
			"checkboxOn":"CheckBoxOn",
			"checkboxOnDisabled":"CheckBoxOnDisabled"
		}
	},
	"com.badlogic.gdx.scenes.scene2d.ui.Label$LabelStyle":{
		"default":{
			"font":"Basic_small",
			"fontColor":"black",
			"background":"LabelBack"
		},
		"HUDHeader":{
			"font":"Basic",
			"fontColor":"royalBlue",
			"background":"HeaderBack"
		},
		"SmallBasic":{
			"font":"Basic_small"
		},
		"SmallBasicBlack":{
			"font":"Basic_small",
			"fontColor":"black"
		},
		"SmallBasicPink":{
			"font":"Basic_small",
			"fontColor":"darkPink"
		},
		"XP":{
			"background":"FloatingXP",
			"font":"Basic",
			"fontColor":"darkPink"
		},
		"Cash":{
			"background":"FloatingCash",
			"font":"Outline",
			"fontColor":"golden"
		},
		"Coins":{
			"background":"FloatingCoins",
			"font":"Outline",
			"fontColor":"coinBlue"
		},
		"Stash":{
			"background":"FloatingStash",
			"font":"Outline",
			"fontColor":"stashGold"
		},
		"Right":{
			"font":"Basic",
			"fontColor":"royalBlue",
			"background":"LabelRight"
		},
		"BasicWhite":{
			"font":"Basic",
			"fontColor":"white"
		}
	},
	"com.badlogic.gdx.scenes.scene2d.ui.TextButton$TextButtonStyle":{
		"default":{
			"up":"ButtonUp",
			"down":"ButtonDown",
			"over":"ButtonOver",
			"disabled":"ButtonDisabled",
			"font":"Basic",
			"downFontColor":"darkGrey",
			"fontColor":"black",
			"disabledFontColor":"lightGrey"
		}
	},
	"com.badlogic.gdx.scenes.scene2d.ui.TextField$TextFieldStyle":{
		"default":{
			"font":"Basic_small",
			"fontColor":"black",
			"background":"TextFieldBack",
			"selection":"TextFieldSelection",
			"cursor":"TextFieldCursor"
		}
	},
	"com.badlogic.gdx.scenes.scene2d.ui.ScrollPane$ScrollPaneStyle":{
		"default":{
			"vScroll":"ScrollBar",
			"vScrollKnob":"ScrollPaneKnob"
		},
		"Alerts":{
			"vScroll":"ScrollBar",
			"vScrollKnob":"ScrollPaneKnob",
			"background":"AlertsBackground"
		},
		"NoBack":{
			"vScroll":"ScrollBar",
			"vScrollKnob":"ScrollPaneKnob"
		}
	},
	"com.badlogic.gdx.scenes.scene2d.ui.Window$WindowStyle":{
		"default":{
			"background":"DialogBack",
			"titleFont":"Basic",
			"titleFontColor":"black"
		},
		"Help":{
			"background":"HelpBack",
			"titleFont":"Basic_small",
			"titleFontColor":"white"
		},
		"Alerts":{
			"background":"AlertsBackground",
			"titleFont":"Basic_small",
			"titleFontColor":"black"
		},
		"Speech":{
			"background":"AlertInfoOver",
			"titleFont":"Basic",
			"titleFontColor":"black"
		},
		"XP":{
			"background":"FloatingXP",
			"titleFont":"Basic",
			"titleFontColor":"darkPink"
		},
		"Coins":{
			"background":"FloatingCoins",
			"titleFont":"Basic",
			"titleFontColor":"royalBlue"
		},
		"Objective":{
			"background":"ObjectiveWindow",
			"titleFont":"Basic",